Date,Content,Content_cleaned
04-06-2023,"India equity markets end the week in green despite profit booking today.Indian equity markets witnessed selling pressure today. However, the weekly gains in the market were positive aided by a rise the first half of the week. RBI continued its pause on rate hike and decided to keep the repo rate unchanged at 6.50%. The week ended flat with Nifty 50 gaining 0.2%; underperforming Nifty Midcap 150 Index and Nifty Small Cap 250 Index which gained 0.9% and 1.2% respectively.Sectoral Indices were a mixed bag with Nifty Auto, Nifty Realty and Nifty Metal gaining the most i.e 1.6%, 1.5% and 1.4%, respectively. While Nifty IT, Nifty PSU Bank and Nifty FMCG fell the most, losing (-) 3.3%, (-) 1.4% and (-) 1.2%, respectively.",india equity market end week green despite profit booking today.indian equity market witnessed selling pressure today. however weekly gain market positive aided rise first half week. rbi continued pause rate hike decided keep repo rate unchanged 6.50%. week ended flat nifty 50 gaining 0.2% underperforming nifty midcap 150 index nifty small cap 250 index gained 0.9% 1.2% respectively.sectoral index mixed bag nifty auto nifty realty nifty metal gaining i.e 1.6% 1.5% 1.4% respectively. nifty nifty psu bank nifty fmcg fell losing 3.3% 1.4% 1.2% respectively.
11-06-2023,"Banking Index reaches new highs as Indian markets rally on account of positive global sentiments.Indian markets rallied as global sentiments improved on the expectations that the Fed will be less hawkish in its rate cuts. Fed left policy rates unchanged on Thursday. Positive rally could be seen across all indices with the large cap index Nifty 50 gaining 1.4%. While Nifty Midcap 150 Index and Nifty Small Cap 250 Index soared gained 3.0% and 2.8% respectively.Sectorally, Banks and Pharma reported high one day gains, on a week-to-week basis Nifty Bank Index ended in red. All other sectoral Indices ended in green. Highest gainers, during the week were Nifty Realty, Nifty FMCG and Nifty Healthcare gaining 3.7%, 3.5% and 3.4%, respectively. While Nifty Banks lost (-) 0.1%, Nifty Financial Services and Nifty IT fell were at bottom, gaining 0.2% and 0.8% respectively.",banking index reach new high indian market rally account positive global sentiments.indian market rallied global sentiment improved expectation fed le hawkish rate cuts. fed left policy rate unchanged thursday. positive rally could seen across index large cap index nifty 50 gaining 1.4%. nifty midcap 150 index nifty small cap 250 index soared gained 3.0% 2.8% respectively.sectorally bank pharma reported high one day gain weektoweek basis nifty bank index ended red. sectoral index ended green. highest gainer week nifty realty nifty fmcg nifty healthcare gaining 3.7% 3.5% 3.4% respectively. nifty bank lost 0.1% nifty financial service nifty fell bottom gaining 0.2% 0.8% respectively.
25-06-2023,"Positive Global cues and resilience of the Indian economy, drives equity markets this week. Indian equity markets reached record highs today with Nifty 50 reaching, the strongest week in 11 months. Major factors that led to this rally were positive headwinds from US economy which especially boosted the IT sector, robust FII flows, good corporate results and positive macroeconomics fundamentals of the Indian economy. As a result, the broad-based benchmark Nifty 50 gained almost 2.8% outperforming both the Nifty Midcap 150 Index and Nifty Small cap 250 Index which gained 2.5% and 1.9%, respectively. Almost all sectoral indices were positive this week. Nifty Pharma, Nifty Auto and Nifty IT were the top gainers rising by 4.4%, 4.1% and 3.5% respectively. The sectoral indices which registered least gains were Nifty Media, Nifty Oil and gas and Nifty Consumer Durables gaining 0.2%, 1.4% and 1.8% respectively.",positive global cue resilience indian economy drive equity market week. indian equity market reached record high today nifty 50 reaching strongest week 11 months. major factor led rally positive headwind u economy especially boosted sector robust fii flow good corporate result positive macroeconomics fundamental indian economy. result broadbased benchmark nifty 50 gained almost 2.8% outperforming nifty midcap 150 index nifty small cap 250 index gained 2.5% 1.9% respectively. almost sectoral index positive week. nifty pharma nifty auto nifty top gainer rising 4.4% 4.1% 3.5% respectively. sectoral index registered least gain nifty medium nifty oil gas nifty consumer durables gaining 0.2% 1.4% 1.8% respectively.
02-07-2023,"Indian equity markets logged weekly gains despite weak global cues.Indian equity markets fell after reaching record highs in the first half of the day over concerns of monetary tightening by US Federal Reserve. However, on weekly basis, Indian indices logged gains. The broad-based Nifty 50 Index gained 0.74% during the week, outperforming the Nifty Midcap 150 Index which gained 0.64% and underperforming the Nifty Small Cap 250 Index which grew by 2.21%.Except for Nifty IT, all sectoral indices were positive this week. Nifty Media, Nifty PSU Banks and Nifty Oil and Gas were the top gainers, gaining 8.7%, 8.5% and 4.3% respectively. Nifty IT, Nifty Pharma and Nifty Financial Service Index were at the bottom. The Nifty IT index lost (-) 0.01% while Nifty Pharma and Nifty Financial Services registered negligible gains of 0.01% and 0.1% respectively.",indian equity market logged weekly gain despite weak global cues.indian equity market fell reaching record high first half day concern monetary tightening u federal reserve. however weekly basis indian index logged gains. broadbased nifty 50 index gained 0.74% week outperforming nifty midcap 150 index gained 0.64% underperforming nifty small cap 250 index grew 2.21%.except nifty sectoral index positive week. nifty medium nifty psu bank nifty oil gas top gainer gaining 8.7% 8.5% 4.3% respectively. nifty nifty pharma nifty financial service index bottom. nifty index lost 0.01% nifty pharma nifty financial service registered negligible gain 0.01% 0.1% respectively.
09-07-2023,"Indian equity markets logged weekly gains on strong global cues.Indian markets gained on Friday, on account of positive global sentiments led by the belief that US monetary tightening cycle was near its end. The broad-based Nifty 50 Index gained 1.20% during the week, underperforming the Nifty Midcap 150 Index which gained 1.24% and outperforming the Nifty Small Cap 250 Index which grew by 1.72%Sectoral indices were a mixed bag. Nifty Media, Nifty Metals and Nifty IT were the highest gainers, rising 1.7%, 3.0% and 4.7% respectively. While Nifty Consumer Durables, Nifty Bank and Nifty Financial Services were at the bottom, losing (-) 0.5%, (-) 0.24% and (-) 0.18% respectively.",indian equity market logged weekly gain strong global cues.indian market gained friday account positive global sentiment led belief u monetary tightening cycle near end. broadbased nifty 50 index gained 1.20% week underperforming nifty midcap 150 index gained 1.24% outperforming nifty small cap 250 index grew 1.72%sectoral index mixed bag. nifty medium nifty metal nifty highest gainer rising 1.7% 3.0% 4.7% respectively. nifty consumer durables nifty bank nifty financial service bottom losing 0.5% 0.24% 0.18% respectively.
16-07-2023,"Sell off in IT to drags Indian markets.Indian markets fell on Friday due to sell off in IT stocks on account of weakness in global markets. The broad-based Nifty 50 Index fell by (-) 0.4% during the week. While the Nifty Midcap 150 was flat gaining 0.02% and Nifty Small cap 250 Index was slightly positive gaining 0.6%.Sectoral indices were a mixed bag. Nifty IT, Nifty Consumer Durables and Nifty Metal fell the most, losing (-) 4.7%, (-) 1.5% and (-) 0.5% respectively. While Nifty Pharma, Nifty Bank and Nifty Healthcare Index gained the most i.e. 1.3%, 0.9% and 0.9% respectively.",sell drag indian markets.indian market fell friday due sell stock account weakness global markets. broadbased nifty 50 index fell 0.4% week. nifty midcap 150 flat gaining 0.02% nifty small cap 250 index slightly positive gaining 0.6%.sectoral index mixed bag. nifty nifty consumer durables nifty metal fell losing 4.7% 1.5% 0.5% respectively. nifty pharma nifty bank nifty healthcare index gained i.e. 1.3% 0.9% 0.9% respectively.
23-07-2023,"Weak trends in US markets drag Indian markets.Indian markets closed almost flat with minor losses as US concerns over rate hikes were reignited this week. The broad-based Nifty 50 Index fell by (-) 0.5% during the week, underperforming Mid and Small caps which showed resistance by registering minor gains. The Nifty Midcap 150 was flat gained 1.5% and Nifty Small cap 250 Index gained 1.2%.Sectoral indices were a mixed bag. Sell off in IT and financial sector dragged Nifty IT and Nifty Bank indices today. During the week, Nifty FMCG, Nifty Bank and Nifty IT fell the most, losing (-) 1.4%, (-) 1.3% and (-) 1.3% respectively. While Nifty Realty, Nifty Pharma and Nifty Media gained the most i.e., 5.0%, 4.8% and 3.4% respectively.",weak trend u market drag indian markets.indian market closed almost flat minor loss u concern rate hike reignited week. broadbased nifty 50 index fell 0.5% week underperforming mid small cap showed resistance registering minor gains. nifty midcap 150 flat gained 1.5% nifty small cap 250 index gained 1.2%.sectoral index mixed bag. sell financial sector dragged nifty nifty bank index today. week nifty fmcg nifty bank nifty fell losing 1.4% 1.3% 1.3% respectively. nifty realty nifty pharma nifty medium gained i.e. 5.0% 4.8% 3.4% respectively.
30-07-2023,"Indian equity markets gained on Friday despite negative global sentiments.India’s service sector PMI climbed to a 13 year high, signaling increase in output sustained by strong demand and new business gains. This led to slight rise in the markets despite negative global cues. However, on a weekly basis the broad-based Nifty 50 Index fell by (-) 0.7%, underperforming the Nifty Midcap 150 Index and the Nifty Small Cap 250 Index which gained 0.74% and 0.70% respectively.Sectoral indices were a mixed bag with Nifty IT, Nifty Pharma and Nifty Consumer Durables ending the week in green by gaining 3.2%, 1.9% and 1.0% respectively. Rest all indices ended the week in red. Nifty Realty, Nifty PSU Bank and Nifty FMCG were at the bottom losing (-) 4.2%, (-) 4.1% and 1.7% respectively.",indian equity market gained friday despite negative global sentiments.indias service sector pmi climbed 13 year high signaling increase output sustained strong demand new business gains. led slight rise market despite negative global cues. however weekly basis broadbased nifty 50 index fell 0.7% underperforming nifty midcap 150 index nifty small cap 250 index gained 0.74% 0.70% respectively.sectoral index mixed bag nifty nifty pharma nifty consumer durables ending week green gaining 3.2% 1.9% 1.0% respectively. rest index ended week red. nifty realty nifty psu bank nifty fmcg bottom losing 4.2% 4.1% 1.7% respectively.
06-08-2023,"Indian equity markets down post RBI’s monetary policyThe RBI, in its monetary policy, decided to keep the rates unchanged at 6.5%. However the RBI decided to incrementally increase the CRR is an intend to absorb the surplus liquidity in the system. This triggered self-off dragging Nifty 50 Index by (-) 0.45%. The mid and small caps were resilient during the week with the Nifty Midcap 150 Index and the Nifty Small cap 250 Index registered gain of 0.8% and 0.5% respectively.Sectoral indices were a mixed bag with Nifty Media, Nifty Consumer Durables and Nifty IT gaining the most i.e., 7.5%, 1.4% and 1.3% respectively. While Nifty Banks, Nifty Realty and Nifty Financial Services fell the most losing (-) 1.5%, (-) 1.5% and (-) 1.4% respectively.",indian equity market post rbi monetary policythe rbi monetary policy decided keep rate unchanged 6.5%. however rbi decided incrementally increase crr intend absorb surplus liquidity system. triggered selfoff dragging nifty 50 index 0.45%. mid small cap resilient week nifty midcap 150 index nifty small cap 250 index registered gain 0.8% 0.5% respectively.sectoral index mixed bag nifty medium nifty consumer durables nifty gaining i.e. 7.5% 1.4% 1.3% respectively. nifty bank nifty realty nifty financial service fell losing 1.5% 1.5% 1.4% respectively.
13-08-2023,"Indian equity markets down due to weak global cues and high CPI inflationMarket sentiments were negative due to both domestic and global cues. CPI inflation rose sharply at 7.44% in July against 4.87% last month, breaching the RBI’s inflation band of 2% to 6%. Globally, there were concerns over higher inflation rates in US and slowing of Chinese economy, which dampened investor sentiments. As a result, the broad-based Nifty 50 index fell by (-) 0.6%. The Midcaps were flat while small caps were marginally down but tad better than large caps as the representative indices Nifty Midcap 150 gained 0.02% and the Nifty Small cap 250 Index fell by (-) 0.3% during the week.Sectoral indices were a mixed bag with Nifty Media, Nifty PSU Banks and Nifty Consumer gaining the most i.e., 2.3%, 1.1% and 0.5% respectively. While Nifty Metals, Nifty Financial Services and Nifty Oil and Gas fell the most losing (-) 2.9%, (-) 1.2% and (-) 0.9% respectively.",indian equity market due weak global cue high cpi inflationmarket sentiment negative due domestic global cues. cpi inflation rose sharply 7.44% july 4.87% last month breaching rbi inflation band 2% 6%. globally concern higher inflation rate u slowing chinese economy dampened investor sentiments. result broadbased nifty 50 index fell 0.6%. midcaps flat small cap marginally tad better large cap representative index nifty midcap 150 gained 0.02% nifty small cap 250 index fell 0.3% week.sectoral index mixed bag nifty medium nifty psu bank nifty consumer gaining i.e. 2.3% 1.1% 0.5% respectively. nifty metal nifty financial service nifty oil gas fell losing 2.9% 1.2% 0.9% respectively.
20-08-2023,"Near term Inflation woes dragged domestic equity marketsInflation and rate hike news dominated domestic as well as global equity markets this week. News related to potential rate hike by US Fed weighed heavy on investors sentiments. Also, RBI’s FOMC meet minutes indicated a possibility of a rate hike as India’s inflation remained elevated, which further dampened investor sentiments. As a result, the broad-based Nifty 50 index fell by (-) 0.2%. The Small and Mid-Caps outperformed the broader market. The Nifty Midcap 150 Index gained 1.7% and the Nifty Smallcap 250 Index gained 1.9% this week.Sectoral indices were a mixed bag with Nifty IT, Nifty Banks and Nifty Consumer Durables gaining the most i.e., 1.0%, 0.9% and 0.6% respectively. While Nifty Pharma, Nifty Healthcare and Nifty Oil and Gas fell the most losing (-) 1.6%, (-) 1.3% and (-) 1.2% respectively.",near term inflation woe dragged domestic equity marketsinflation rate hike news dominated domestic well global equity market week. news related potential rate hike u fed weighed heavy investor sentiments. also rbi fomc meet minute indicated possibility rate hike india inflation remained elevated dampened investor sentiments. result broadbased nifty 50 index fell 0.2%. small midcaps outperformed broader market. nifty midcap 150 index gained 1.7% nifty smallcap 250 index gained 1.9% week.sectoral index mixed bag nifty nifty bank nifty consumer durables gaining i.e. 1.0% 0.9% 0.6% respectively. nifty pharma nifty healthcare nifty oil gas fell losing 1.6% 1.3% 1.2% respectively.
27-08-2023,"Strong domestic macros boost sentiments.Domestic Equities ended the week on a positive note as India’s GDP growth grew by 7.8% in the Apr-Jun’23 quarter. Also, the manufacturing PMI rose to 58.6, which further boosted sentiments. The broad-based Nifty 50 Index grew by 0.9% during the week. The mid and small caps outperformed large caps. Nifty Midcap 150 Index and Nifty Small Cap 250 grew by 2.6% and 4.1% respectively.Sectoral indices were a mixed bag with Nifty Realty, Nifty Metal and Nifty Auto gaining the most i.e., 5.8%, 5.1% and 3.7% respectively. Whereas Nifty FMCG, Nifty Pharma and Nifty Healthcare were at the bottom losing (-) 0.5%, (-) 0.1% and (-) 0.1% respectively.",strong domestic macro boost sentiments.domestic equity ended week positive note india gdp growth grew 7.8% aprjun23 quarter. also manufacturing pmi rose 58.6 boosted sentiments. broadbased nifty 50 index grew 0.9% week. mid small cap outperformed large caps. nifty midcap 150 index nifty small cap 250 grew 2.6% 4.1% respectively.sectoral index mixed bag nifty realty nifty metal nifty auto gaining i.e. 5.8% 5.1% 3.7% respectively. whereas nifty fmcg nifty pharma nifty healthcare bottom losing 0.5% 0.1% 0.1% respectively.
03-09-2023,"Strong domestic macros boost sentiments.Domestic Equities ended the week on a positive note. The broad-based Nifty 50 Index grew by 2.0% during the week. The mid and small caps outperformed large caps. Nifty Midcap 150 Index and Nifty Small Cap 250 grew by 3.6% and 2.9% respectively.Sectoral indices were a mixed bag with Nifty Media, Nifty Realty and Nifty PSU Bank gaining the most i.e., 5.2%, 4.9% and 3.7% respectively. Whereas Nifty FMCG, Nifty Auto and Nifty Private Bank were at the bottom losing 1.0%, 1.1% and 1.5% respectively.",strong domestic macro boost sentiments.domestic equity ended week positive note. broadbased nifty 50 index grew 2.0% week. mid small cap outperformed large caps. nifty midcap 150 index nifty small cap 250 grew 3.6% 2.9% respectively.sectoral index mixed bag nifty medium nifty realty nifty psu bank gaining i.e. 5.2% 4.9% 3.7% respectively. whereas nifty fmcg nifty auto nifty private bank bottom losing 1.0% 1.1% 1.5% respectively.
10-09-2023,"Nifty crosses 20k while global markets positive this week!The broad market Nifty 50 Index crossed 20k levels this week amidst strong global cues. However, during the mid-week, Mid and Small caps fell sharply. The Nifty 50 index gained 1.9% while the Nifty Midcap 150 and Nifty Small Cap 250 Index lost (-) 0.8% and (-) 0.5% respectively.Sectoral indices were a mixed bag with Nifty IT, Nifty Bank and Nifty Pharma gained the most i.e., 2.9%, 2.4% and 2.2% respectively. Whereas Nifty Media, Nifty Oil & Gas and Nifty Consumer Durable lost the most i.e. (-) 3.6%, (-) 1.0% and (-) 0.8% respectively.",nifty cross 20k global market positive weekthe broad market nifty 50 index crossed 20k level week amidst strong global cues. however midweek mid small cap fell sharply. nifty 50 index gained 1.9% nifty midcap 150 nifty small cap 250 index lost 0.8% 0.5% respectively.sectoral index mixed bag nifty nifty bank nifty pharma gained i.e. 2.9% 2.4% 2.2% respectively. whereas nifty medium nifty oil gas nifty consumer durable lost i.e. 3.6% 1.0% 0.8% respectively.
17-09-2023,"Weakness in Global markets weighed on India Equities.It was a challenging week for domestic indices with most of them ending in the red. Global weakness weighed on investors’ sentiments, dragging domestic markets. Rise in crude oil prices as well as weakness in Indian rupee further dampened sentiments. Most of the Indian domestic indices ended the week in red. Nifty 50 fell by (-) 2.6% while Nifty Midcap 150 Index and Nifty Small Cap 250 Index fell by (-) 1.6% and (-) 2.1% respectively.Sectoral indices mostly ended in red and only Nifty PSU Bank was positive gaining 3.3%. Nifty FMCG and Nifty Consumer Durables were slightly negative, losing (-) 0.6% and (-) 0.9% respectively. Whereas Nifty Realty, Nifty Metal and Nifty Financial Services were at the bottom losing (-) 4.3%, (-) 3.9% and (-) 3.9% respectively.",weakness global market weighed india equities.it challenging week domestic index ending red. global weakness weighed investor sentiment dragging domestic markets. rise crude oil price well weakness indian rupee dampened sentiments. indian domestic index ended week red. nifty 50 fell 2.6% nifty midcap 150 index nifty small cap 250 index fell 1.6% 2.1% respectively.sectoral index mostly ended red nifty psu bank positive gaining 3.3%. nifty fmcg nifty consumer durables slightly negative losing 0.6% 0.9% respectively. whereas nifty realty nifty metal nifty financial service bottom losing 4.3% 3.9% 3.9% respectively.
24-09-2023,"Global macros weighed on domestic Large Caps. Mid and Small caps Resilient.The broad-based Nifty 50 ended the week on a negative note and fell by 0.2 %. The mid and small caps outperformed large caps. Nifty Midcap 150 Index and Nifty Small Cap 250 grew by 1.2% and 1.6% respectively.Sectoral indices were a mixed bag this week with Nifty Healthcare, Nifty Realty and Nifty Pharma gaining the most i.e., 2.8%, 2.6% and 2.3% respectively. However, out of the sectors which closed in red, Nifty IT, Nifty Media and Nifty Consumer Durables were at the bottom losing (-) 3.4%, (-) 0.9% and (-) 0.5% respectively.Most Global indices closed in the red this week. It was a difficult week for US indices with S&P 500 (US) Index^, Dow Jones^ and Nasdaq^ losing (-) 1.0%, (-) 1.2% and (-) 0.6% respectively. FTSE^ ended the week on a negative note, after the central bank rose interests further to control the raising inflation, losing (-) 0.2 %. Asian Indices were a mixed bag with Nikkei, Kospi and Hang Seng losing (-) 2.0%, (-) 3.0%, and (-) 1.3% respectively. Only Shanghai composite ended the week in green gaining 0.9%.",global macro weighed domestic large caps. mid small cap resilient.the broadbased nifty 50 ended week negative note fell 0.2 %. mid small cap outperformed large caps. nifty midcap 150 index nifty small cap 250 grew 1.2% 1.6% respectively.sectoral index mixed bag week nifty healthcare nifty realty nifty pharma gaining i.e. 2.8% 2.6% 2.3% respectively. however sector closed red nifty nifty medium nifty consumer durables bottom losing 3.4% 0.9% 0.5% respectively.most global index closed red week. difficult week u index sp 500 u index dow jones nasdaq losing 1.0% 1.2% 0.6% respectively. ftse ended week negative note central bank rose interest control raising inflation losing 0.2 %. asian index mixed bag nikkei kospi hang seng losing 2.0% 3.0% 1.3% respectively. shanghai composite ended week green gaining 0.9%.
01-10-2023,"Global macros closed in red. large and small caps Resilient.This week, RBI in its October monetary policy meeting unanimously kept the repo rate unchanged at 6.5%. The broad-based Nifty 50 and Nifty small cap 250 ended the week on a positive note gaining 0.1% and 0.7% respectively. The midcaps, however, underperformed this week losing (-) 0.5%.Sectoral indices were a mixed bag this week with Nifty Realty, Nifty IT and Nifty Consumer Durables gaining the most i.e., 1.9%, 1.7% and 1.3% respectively. However, out of the sectors which closed in the red, Nifty Healthcare Index, Nifty Pharma and Nifty Metals were at the bottom losing (-) 1.9%, (-) 1.9% and (-) 1.5% respectively.",global macro closed red. large small cap resilient.this week rbi october monetary policy meeting unanimously kept repo rate unchanged 6.5%. broadbased nifty 50 nifty small cap 250 ended week positive note gaining 0.1% 0.7% respectively. midcaps however underperformed week losing 0.5%.sectoral index mixed bag week nifty realty nifty nifty consumer durables gaining i.e. 1.9% 1.7% 1.3% respectively. however sector closed red nifty healthcare index nifty pharma nifty metal bottom losing 1.9% 1.9% 1.5% respectively.
08-10-2023,"Global macros closed in green. Domestic markets Resilient.This was a positive week for domestic markets, owing to the positive CPI numbers released by MoSPI, with the majority of indices closing in green. While each of the Nifty 50, Nifty Midcap 150 and Nifty Small cap 250 ended on a positive note gaining 0.5%, 0.5% and 0.7% respectively, Nifty Small cap 250 outperformed the other two slightly.Sectoral indices were a mixed bag this week with Nifty Realty, Nifty Auto and Nifty FMCG gaining the most i.e., 4.3%, 2.8% and 1.8% respectively. However, out of the sectors which closed in the red, Nifty PSU Bank, Nifty IT and Nifty Consumer Durables were at the bottom losing (-) 3.2%, (-) 1.7% and (-) 0.6% respectively.",global macro closed green. domestic market resilient.this positive week domestic market owing positive cpi number released mospi majority index closing green. nifty 50 nifty midcap 150 nifty small cap 250 ended positive note gaining 0.5% 0.5% 0.7% respectively nifty small cap 250 outperformed two slightly.sectoral index mixed bag week nifty realty nifty auto nifty fmcg gaining i.e. 4.3% 2.8% 1.8% respectively. however sector closed red nifty psu bank nifty nifty consumer durables bottom losing 3.2% 1.7% 0.6% respectively.
15-10-2023,"Global macros closed in red. Domestic markets had a tough week.This was a tough week for domestic markets, with significant selling pressure owing to growing concerns about an escalation of the Israel Hamas conflict, with the majority of indices closing in red. While each of the Nifty 50 and Nifty Midcap 150 ended on a negative note losing (-) 1.1% and (-) 1.2% respectively, Nifty small cap 250 managed to be stagnant with a movement of 0% during the week.The week was also difficult for sectoral indices with most of them closing in red. Only Nifty Auto managed to close in green gaining 0.3% during the week. However, out of the sectors which closed in the red, Nifty Realty, Nifty PSU Bank and Nifty Oil and gas were at the bottom losing (-) 2.3%, (-) 1.9% and (-) 1.8% respectively.",global macro closed red. domestic market tough week.this tough week domestic market significant selling pressure owing growing concern escalation israel hamas conflict majority index closing red. nifty 50 nifty midcap 150 ended negative note losing 1.1% 1.2% respectively nifty small cap 250 managed stagnant movement 0% week.the week also difficult sectoral index closing red. nifty auto managed close green gaining 0.3% week. however sector closed red nifty realty nifty psu bank nifty oil gas bottom losing 2.3% 1.9% 1.8% respectively.
22-10-2023,"Global macros show mixed bag performance. Domestic markets close in the red.This was a tough week for domestic markets with majority of indices closing in red, owing to the Israel-Hamas war, strong US dollar, FIIs' selling, Q2 results 2023 coming below estimates and rising inflation concerns. Each of the Nifty 50, Nifty Midcap 150, Nifty Small cap 250 ended on a negative note losing (-) 2.4%, (-) 2.8% and (-) 2.9% respectively.The week was also difficult for sectoral indices with all of them closing in the red. However, of all the sectors, Nifty Media, Nifty Metal and Nifty IT were at the bottom losing (-) 5.0%, (-) 3.7% and (-) 2.8% respectively.",global macro show mixed bag performance. domestic market close red.this tough week domestic market majority index closing red owing israelhamas war strong u dollar fiis selling q2 result 2023 coming estimate rising inflation concerns. nifty 50 nifty midcap 150 nifty small cap 250 ended negative note losing 2.4% 2.8% 2.9% respectively.the week also difficult sectoral index closing red. however sector nifty medium nifty metal nifty bottom losing 5.0% 3.7% 2.8% respectively.
29-10-2023,"Global macros positive. Domestic markets resilient. Tracking positive global cues, most Indian indices closed on a positive note this week with each of the Nifty 50, Nifty Midcap 150, Nifty Small cap 250, gaining 1.0%, 2.1% and 1.9% respectively. This was also a positive week for most of the sectoral indices. Of all the sectors, Nifty Realty, Nifty Media and Nifty Oil and Gas occupied the top position, gaining 10.4%, 4.0% and 3.0% respectively. Only Nifty Auto ended the week in red losing (-) 0.8%, hence settling at the bottom position. ",global macro positive. domestic market resilient. tracking positive global cue indian index closed positive note week nifty 50 nifty midcap 150 nifty small cap 250 gaining 1.0% 2.1% 1.9% respectively. also positive week sectoral indices. sector nifty realty nifty medium nifty oil gas occupied top position gaining 10.4% 4.0% 3.0% respectively. nifty auto ended week red losing 0.8% hence settling bottom position.
05-11-2023,"Global macros a mixed bag. Domestic markets resilient. Most of the broad market indices closed on a positive note this week, with each of the Nifty 50, Nifty Midcap 150, Nifty Small cap 250 closing in green, gaining 1.0%, 2.6% and 2.4% respectively.Sectoral indices displayed mixed performance this week. Out of the indices which closed in green, Nifty Pharma, Nifty Healthcare Index and Nifty Realty occupied the top position, gaining 4.3%, 4.0% and 2.9% respectively. A few indices closed in red out of which Nifty Media, Nifty Consumer Durables and Nifty PSU Banks were the top losers each losing (-) 1.5%, (-) 0.8% and (-) 0.6% respectively. ",global macro mixed bag. domestic market resilient. broad market index closed positive note week nifty 50 nifty midcap 150 nifty small cap 250 closing green gaining 1.0% 2.6% 2.4% respectively.sectoral index displayed mixed performance week. index closed green nifty pharma nifty healthcare index nifty realty occupied top position gaining 4.3% 4.0% 2.9% respectively. index closed red nifty medium nifty consumer durables nifty psu bank top loser losing 1.5% 0.8% 0.6% respectively.
12-11-2023,"Global macros positive. Domestic markets resilient. Most of the broad market indices closed on a positive note this week, with each of the Nifty 50, Nifty Midcap 150, Nifty Small cap 250 closing in green, gaining 1.6%, 2.5% and 3.4% respectively.Sectoral indices displayed mixed performance this week with most of them displaying positive performance. Out of the indices which closed in green, Nifty IT, Nifty Realty and Nifty Auto occupied the top position, gaining 5.1%, 4.6% and 3.8% respectively. Only Nifty Private Bank, Nifty Bank and Nifty Financial Services closed in red losing (-) 0.5%, (-) 0.5% and (-) 0.1% respectively.",global macro positive. domestic market resilient. broad market index closed positive note week nifty 50 nifty midcap 150 nifty small cap 250 closing green gaining 1.6% 2.5% 3.4% respectively.sectoral index displayed mixed performance week displaying positive performance. index closed green nifty nifty realty nifty auto occupied top position gaining 5.1% 4.6% 3.8% respectively. nifty private bank nifty bank nifty financial service closed red losing 0.5% 0.5% 0.1% respectively.
19-11-2023,"Markets end the week on a flat note. Most of the broad market indices closed flat this week, with each of the Nifty 50, Nifty Midcap 150, Nifty Small cap 250 closing in green, gaining 0.3%, 0.6% and 0.1% respectively. Indices failed to find pace amidst mixed global cues. Sectoral indices displayed mixed performance this week with most of them displaying positive performance. Out of the indices which closed in green, Nifty Realty, Nifty Oil & Gas, and Nifty Metal occupied the top position, gaining 1.5%, 1.0% and 1.0% respectively. Only Nifty PSU Bank, Nifty FMCG and Nifty IT closed in red losing (-) 1.7%, (-) 0.3% and (-) 0.4% respectively. ",market end week flat note. broad market index closed flat week nifty 50 nifty midcap 150 nifty small cap 250 closing green gaining 0.3% 0.6% 0.1% respectively. index failed find pace amidst mixed global cues. sectoral index displayed mixed performance week displaying positive performance. index closed green nifty realty nifty oil gas nifty metal occupied top position gaining 1.5% 1.0% 1.0% respectively. nifty psu bank nifty fmcg nifty closed red losing 1.7% 0.3% 0.4% respectively.
26-11-2023,"Global macros a mixed bag. Domestic markets resilient.Most Indian indices closed on a positive note this week with each of the Nifty 50, Nifty Midcap 150, Nifty Small cap 250 closing in green, gaining 2.4%, 2.8% and 2.6% respectively. Nifty 50 hit a record high this week owing to faster than expected economic growth.This was also a positive week for all sectoral indices. While each of the sectoral indices closed in green, Nifty Oil and Gas, Nifty Financial Services and Nifty Media occupied the top position, gaining 4.4%, 3.6% and 3.2% respectively.",global macro mixed bag. domestic market resilient.most indian index closed positive note week nifty 50 nifty midcap 150 nifty small cap 250 closing green gaining 2.4% 2.8% 2.6% respectively. nifty 50 hit record high week owing faster expected economic growth.this also positive week sectoral indices. sectoral index closed green nifty oil gas nifty financial service nifty medium occupied top position gaining 4.4% 3.6% 3.2% respectively.
03-12-2023,"Global macros a mixed bag. Domestic markets resilient.Owing to today’s policy decision of keeping rates unchanged, strong macro data, global market trend support and continual foreign investor inflows, Nifty index soared to historic highs today, touching the 21000 mark. Continuing the growth trend of the past few weeks, most Indian indices closed on a positive note this week with each of the Nifty 50, Nifty Midcap 150, Nifty Small cap 250 closing in green, gaining 3.5%, 2.2% and 1.2% respectively.This week was a mixed bag for sectoral indices. While most of the sectoral indices closed in green, Nifty PSU Bank, Nifty Oil and Gas and Nifty Bank occupied the top position, gaining 6.8%, 6.2% and 5.5% respectively. Nifty FMCG, Nifty Healthcare Index and Nifty Pharma however lost (-) 0.3%, (-) 0.3% and (-) 0.5% respectively.",global macro mixed bag. domestic market resilient.owing today policy decision keeping rate unchanged strong macro data global market trend support continual foreign investor inflow nifty index soared historic high today touching 21000 mark. continuing growth trend past week indian index closed positive note week nifty 50 nifty midcap 150 nifty small cap 250 closing green gaining 3.5% 2.2% 1.2% respectively.this week mixed bag sectoral indices. sectoral index closed green nifty psu bank nifty oil gas nifty bank occupied top position gaining 6.8% 6.2% 5.5% respectively. nifty fmcg nifty healthcare index nifty pharma however lost 0.3% 0.3% 0.5% respectively.
10-12-2023,"Most global macros positive. Domestic markets a mixed bag.Following positive global market cues, with U.S Federal Reserve’s indication of nearing an end to its monetary tightening cycle, most Indian indices closed on a positive note this week with each of the Nifty 50, Nifty Midcap 150, Nifty Small cap 250 closing in green, gaining 2.3%, 2.4% and 2.6% respectively.This was a positive week for most of the sectoral indices. Out of the sectoral indices closing in green, Nifty IT, Nifty PSU Bank and Nifty Metal occupied the top position, gaining 7.2%, 5.2% and 5.1% respectively. Only Nifty Consumer Durables closed in red this week losing (-) 0.3%. Nifty Healthcare Index ended up static as compared to the last week.",global macro positive. domestic market mixed bag.following positive global market cue u.s federal reserve indication nearing end monetary tightening cycle indian index closed positive note week nifty 50 nifty midcap 150 nifty small cap 250 closing green gaining 2.3% 2.4% 2.6% respectively.this positive week sectoral indices. sectoral index closing green nifty nifty psu bank nifty metal occupied top position gaining 7.2% 5.2% 5.1% respectively. nifty consumer durables closed red week losing 0.3%. nifty healthcare index ended static compared last week.
17-12-2023,"Global macros a mixed bag. Domestic markets weakThis was a tough week for the Indian equity markets with consecutive weeks of gains in the Nifty 50 and Sensex coming to a halt. Each of the Nifty 50, Nifty Midcap 150, Nifty Small cap 250 closed in the red, losing (-) 0.6%, (-) 1.0% and (-) 0.3% respectively. Though the reason for this sudden fall is not clear yet, rising Covid-19 cases, high profit booking, Red Sea geopolitical tensions, huge number of IPO releases and formation of a small cap bubble over the past few months have been assessed as the probable catalyst for this fall.This was a week of mixed performance for the sectoral indices. Out of the sectoral indices closing in the green; Nifty FMCG, Nifty Consumer Durables and Nifty Oil and Gas were the top performers, gaining 1.6%, 1.4% and 1.4% respectively. Nifty PSU Banks, Nifty Financial Services 25/50 and Nifty Media, on the other hand, closed in the red losing (-) 3.0%, (-) 2.1% and (-) 2,0% respectively.",global macro mixed bag. domestic market weakthis tough week indian equity market consecutive week gain nifty 50 sensex coming halt. nifty 50 nifty midcap 150 nifty small cap 250 closed red losing 0.6% 1.0% 0.3% respectively. though reason sudden fall clear yet rising covid19 case high profit booking red sea geopolitical tension huge number ipo release formation small cap bubble past month assessed probable catalyst fall.this week mixed performance sectoral indices. sectoral index closing green nifty fmcg nifty consumer durables nifty oil gas top performer gaining 1.6% 1.4% 1.4% respectively. nifty psu bank nifty financial service 2550 nifty medium hand closed red losing 3.0% 2.1% 20% respectively.
24-12-2023,"Global macros positive. Domestic markets resilientFollowing positive global cues, the last trading week of the year 2023 ended on a positive note for most of the Indian indices. Each of the Nifty 50, Nifty Midcap 150, Nifty Small cap 250 closed in the green, gaining 1.8%, 2.3% and 1.8% respectively.This was a week of mixed performance for the sectoral indices. Out of the sectoral indices closing in the green; Nifty Auto, Nifty Metal and Nifty FMCG were the top performers, gaining 4.7%, 4.3% and 3.4% respectively. Only Nifty IT and Nifty Media closed in the red losing (-) 0.3% and (-) 0.1% respectively.",global macro positive. domestic market resilientfollowing positive global cue last trading week year 2023 ended positive note indian indices. nifty 50 nifty midcap 150 nifty small cap 250 closed green gaining 1.8% 2.3% 1.8% respectively.this week mixed performance sectoral indices. sectoral index closing green nifty auto nifty metal nifty fmcg top performer gaining 4.7% 4.3% 3.4% respectively. nifty nifty medium closed red losing 0.3% 0.1% respectively.
31-12-2023,"Global macros negative. Domestic markets a mixed bagFollowing burdened global cues, the first trading week of the year 2024 ended on a mixed note for the Indian indices. The broad-based Nifty 50 index ended the week in red losing (-) 0.1%. Nifty Midcap 150 and Nifty Small cap 250 on the other hand closed in the green, gaining 2.5% and 2.4% respectively. This was a week of mixed performance for the sectoral indices. Out of the sectoral indices closing in the green; Nifty Realty, Nifty Media and Nifty Pharma were the top performers, gaining 7.8%, 3.3% and 3.1% respectively. On the other hand, Nifty IT, Nifty Metal and Nifty Auto were the top losers, losing (-)1.9%, (-) 1.3% and (-) 1.1% respectively. ",global macro negative. domestic market mixed bagfollowing burdened global cue first trading week year 2024 ended mixed note indian indices. broadbased nifty 50 index ended week red losing 0.1%. nifty midcap 150 nifty small cap 250 hand closed green gaining 2.5% 2.4% respectively. week mixed performance sectoral indices. sectoral index closing green nifty realty nifty medium nifty pharma top performer gaining 7.8% 3.3% 3.1% respectively. hand nifty nifty metal nifty auto top loser losing 1.9% 1.3% 1.1% respectively.
07-01-2024,"Global macros and Domestic markets a mixed bagFollowing volatile global cues, this trading week ended on a mixed note for the Indian indices. The broad-based Nifty 50 index, Nifty Midcap 150 and Nifty Smallcap 250 each ended in green, gaining 0.8%, 0.4% and 1.2% respectively.This was a week of mixed performance for the sectoral indices. Out of the sectoral indices closing in the green; Nifty IT, Nifty Realty and Nifty Oil and Gas were the top performers, gaining 4.8%, 4.3% and 2.6% respectively. On the other hand, Nifty FMCG, Nifty Financial Services and Nifty Bank were the top losers, losing (-) 2.0%, (-) 1.0% and (-) 0.9% respectively.",global macro domestic market mixed bagfollowing volatile global cue trading week ended mixed note indian indices. broadbased nifty 50 index nifty midcap 150 nifty smallcap 250 ended green gaining 0.8% 0.4% 1.2% respectively.this week mixed performance sectoral indices. sectoral index closing green nifty nifty realty nifty oil gas top performer gaining 4.8% 4.3% 2.6% respectively. hand nifty fmcg nifty financial service nifty bank top loser losing 2.0% 1.0% 0.9% respectively.
14-01-2024,"Global macros and Domestic markets a mixed bagThis trading week ended on a mixed note for the Indian indices. The Nifty 50 saw its biggest one-day fall in 19 months, losing (-) 2.1% on Wednesday 17th Jan 2023. Over the week Nifty 50 lost (-) 1.2%, on account of dimming hopes of a Fed rate cuts coupled with disappointing Q3 result of HDFC Bank and high 10 Year G-sec yield dimmed investor sentiment. On the other hand, Nifty Midcap 150 gained 0.6% while Nifty Smallcap 250 lost (-) 0.1%.There was mixed performance for the sectoral indices as well. Nifty Oil and Gas, Nifty IT and Nifty PSU Bank were the top performers, gaining 3.4%, 1.5% and 1.3% respectively. On the other hand, Nifty Private Bank, Nifty Bank and Nifty Financial Services were the top losers, losing (-) 4.5%, (-) 4.1% and (-) 4.0% respectively.",global macro domestic market mixed bagthis trading week ended mixed note indian indices. nifty 50 saw biggest oneday fall 19 month losing 2.1% wednesday 17th jan 2023. week nifty 50 lost 1.2% account dimming hope fed rate cut coupled disappointing q3 result hdfc bank high 10 year gsec yield dimmed investor sentiment. hand nifty midcap 150 gained 0.6% nifty smallcap 250 lost 0.1%.there mixed performance sectoral index well. nifty oil gas nifty nifty psu bank top performer gaining 3.4% 1.5% 1.3% respectively. hand nifty private bank nifty bank nifty financial service top loser losing 4.5% 4.1% 4.0% respectively.
21-01-2024,"Global macros negative. Domestic markets a mixed bag With high volatility in the Indian economy owing to the ongoing struggle between FIIs and DIIs, this trading week ended on a mixed note for the Indian indices. The Nifty 50 closed and Nifty Midcap 150 Index closed flat with (-) 0.5% and 0%, during the week. Nifty Smallcap 250 on the other hand closed on a positive note, gaining 1.0%.This was a volatile week for the sectoral indices as well. Out of the sectoral indices closing in the green; Nifty Healthcare Index, Nifty Metal and Nifty Pharma were the top performers, gaining 1.6%, 1.2% and 1.2% respectively. On the other hand, Nifty Media, Nifty Realty and Nifty Private Bank were the top losers, losing (-) 10.8%, (-) 4.5% and (-) 2.3% respectively.",global macro negative. domestic market mixed bag high volatility indian economy owing ongoing struggle fiis diis trading week ended mixed note indian indices. nifty 50 closed nifty midcap 150 index closed flat 0.5% 0% week. nifty smallcap 250 hand closed positive note gaining 1.0%.this volatile week sectoral index well. sectoral index closing green nifty healthcare index nifty metal nifty pharma top performer gaining 1.6% 1.2% 1.2% respectively. hand nifty medium nifty realty nifty private bank top loser losing 10.8% 4.5% 2.3% respectively.
28-01-2024,"Global macros a mixed bag. Domestic markets mostly positive.Following the interim Budget, this trading week ended mostly on a positive note for the Indian indices. Each of the Nifty 50, Nifty Midcap 150 Index and Nifty Smallcap 250 index ended the week in green, gaining 2.3%, 2.6% and 4.3% respectively. The positive outlook portrays the optimistic market sentiments post the budget presentation.This was a mixed week for the sectoral indices as well. Nifty PSU bank, Nifty Oil and Gas and Nifty Metal were the top performers, gaining 11.5%, 9.1% and 4.6% respectively. On the other hand, only Nifty Media and Nifty FMCG had a flat fall (-) 0.3% and (-) 0.2% respectively.",global macro mixed bag. domestic market mostly positive.following interim budget trading week ended mostly positive note indian indices. nifty 50 nifty midcap 150 index nifty smallcap 250 index ended week green gaining 2.3% 2.6% 4.3% respectively. positive outlook portrays optimistic market sentiment post budget presentation.this mixed week sectoral index well. nifty psu bank nifty oil gas nifty metal top performer gaining 11.5% 9.1% 4.6% respectively. hand nifty medium nifty fmcg flat fall 0.3% 0.2% respectively.
04-02-2024,"Domestic markets remain choppy as US markets soar.Overall, a choppy week for domestic markets as rate cuts, inflation and valuations weighed on Investor sentiments. RBI maintained status quo on key interest rates. This week, the broad market Index Nifty 50, was flat with marginal fall of (-) 0.3%. While Nifty Midcap 150 and Nifty Small Cap 250 registered marginal gains of 0.7% and 0.2% respectively.Domestic sectoral indices struggled for direction and ended the week with mixed performance. Nifty PSU bank, Nifty Healthcare and Nifty Oil and Gas were the top performers, gaining 5.1%, 4.4% and 3.9% respectively. While Nifty Private Banks, Nifty FMCG and Nifty Consumer Durables lost the most by falling (-) 2.3%, (-) 2.3% and (-) 1.3% respectively.",domestic market remain choppy u market soar.overall choppy week domestic market rate cut inflation valuation weighed investor sentiments. rbi maintained status quo key interest rates. week broad market index nifty 50 flat marginal fall 0.3%. nifty midcap 150 nifty small cap 250 registered marginal gain 0.7% 0.2% respectively.domestic sectoral index struggled direction ended week mixed performance. nifty psu bank nifty healthcare nifty oil gas top performer gaining 5.1% 4.4% 3.9% respectively. nifty private bank nifty fmcg nifty consumer durables lost falling 2.3% 2.3% 1.3% respectively.
18-02-2024,"Domestic markets remain choppy as US markets soar.Domestic as well as international markets closed the week in green. IT / tech stocks led the rally globally. Domestic broad market Index – Nifty 50 created history by reaching new highs, touching the 22,297.50 mark on Thursday, 22nd February 2024. Meanwhile the same day Japanese Nikkei also reached a 34 year high. Positive global sentiments fueled this rally. The week ended with Nifty 50 gaining about 0.8% and the Nifty Midcap 150 Index and the Nifty Small cap 250 Index, were flat recording marginal gains or 0.4% and 0.5%, respectively.Nifty Realty was the best performer, gaining, 4.1%, followed by Nifty Consumer Durables and Nifty FMCG gaining 2.0% and 1.5% respectively. Whereas Nifty IT, Nifty PSU Banks and Nifty Oil & Gas were at the bottom losing (-) 1.1%, (-) 0.8% and (-) 0.8% respectively.",domestic market remain choppy u market soar.domestic well international market closed week green. tech stock led rally globally. domestic broad market index nifty 50 created history reaching new high touching 22297.50 mark thursday 22nd february 2024. meanwhile day japanese nikkei also reached 34 year high. positive global sentiment fueled rally. week ended nifty 50 gaining 0.8% nifty midcap 150 index nifty small cap 250 index flat recording marginal gain 0.4% 0.5% respectively.nifty realty best performer gaining 4.1% followed nifty consumer durables nifty fmcg gaining 2.0% 1.5% respectively. whereas nifty nifty psu bank nifty oil gas bottom losing 1.1% 0.8% 0.8% respectively.
25-02-2024,"Domestic markets reach record highs on account of better-than-expected GDP growth numbersThis week was a week of new records after Indian as well as Global indices soared to new highs. Domestic Indices reached record highs on account of better-than-expected GPD numbers. India’s GDP for Dec-23 quarter grew at 8.4% aided by strong manufacturing and construction activities. Nifty 50 started strong this week and ended with a gain 0.6% after experiencing a mid-week volatility. While Nifty Midcap 150 and Nifty Small Cap 250 were marginally down by (-) 1.0% and (-) 0.7 % respectively.Domestic sectoral indices were a mixed bag of performance this week. Nifty Metal, Nifty Consumer Durables and Nifty Auto were the top performers, gaining 2.0%, 1.6% and 1.2% respectively. While Nifty Media, Nifty Healthcare and Nifty IT were at the bottom losing (-) 6.7%, (-) 3.1% and (-) 1.4% respectively.",domestic market reach record high account betterthanexpected gdp growth numbersthis week week new record indian well global index soared new highs. domestic index reached record high account betterthanexpected gpd numbers. india gdp dec23 quarter grew 8.4% aided strong manufacturing construction activities. nifty 50 started strong week ended gain 0.6% experiencing midweek volatility. nifty midcap 150 nifty small cap 250 marginally 1.0% 0.7 % respectively.domestic sectoral index mixed bag performance week. nifty metal nifty consumer durables nifty auto top performer gaining 2.0% 1.6% 1.2% respectively. nifty medium nifty healthcare nifty bottom losing 6.7% 3.1% 1.4% respectively.
03-03-2024,"Domestic markets reach record highs.Another choppy week for the domestic markets. Nifty and Sensex reached record highs during the day to settle flat, by the day’s end. This week, the broad market Index Nifty 50, gained 2.3%, outperforming the Mid and Small cap indic[es as the Nifty Midcap 150 registered a gain of 0.9% whereas Nifty Small Cap 250 fell by (-) 1.1%.Most of the sectoral indices were positive this week. Nifty PSU bank, Nifty Metals and Nifty Auto were the top performers, gaining 5.9%, 5.7% and 3.5% respectively. While Nifty Media, Nifty IT lost the most by falling (-) 3.0%, (-) 1.6% respectively.",domestic market reach record highs.another choppy week domestic markets. nifty sensex reached record high day settle flat day end. week broad market index nifty 50 gained 2.3% outperforming mid small cap index nifty midcap 150 registered gain 0.9% whereas nifty small cap 250 fell 1.1%.most sectoral index positive week. nifty psu bank nifty metal nifty auto top performer gaining 5.9% 5.7% 3.5% respectively. nifty medium nifty lost falling 3.0% 1.6% respectively.
10-03-2024,"Domestic markets fall amidst valuation concernsThe domestic equity markets experienced profit booking and caution selling amid concerns over high valuations and froth in some segments of the market. The weak global cues and hotter than expected inflation numbers from US, further hurt sentiments. As a result, the Nifty 50 benchmark index closed (-) 2.1% down. The Nifty Midcap 150 index and Nifty Small cap 250 index registered losses of (-) 4.1% and (-) 5.9% respectively.Barring Nifty IT, all other sectoral indices closed in red, this week. Nifty IT gained 1.1% while Nifty FMCG and Nifty Financial Services fell the least registering a fall of (-) 0.5% and (-) 1.7% respectively. The sectoral indices which fell the most were Nifty Realty, Nifty PSU Banks and Nifty Media losing (-) 9.4%, (-) 7.9% and (-) 8.3% respectively.",domestic market fall amidst valuation concernsthe domestic equity market experienced profit booking caution selling amid concern high valuation froth segment market. weak global cue hotter expected inflation number u hurt sentiments. result nifty 50 benchmark index closed 2.1% down. nifty midcap 150 index nifty small cap 250 index registered loss 4.1% 5.9% respectively.barring nifty sectoral index closed red week. nifty gained 1.1% nifty fmcg nifty financial service fell least registering fall 0.5% 1.7% respectively. sectoral index fell nifty realty nifty psu bank nifty medium losing 9.4% 7.9% 8.3% respectively.
17-03-2024,"Positive Global sentiments drive marketsThe domestic equity markets witnessed gains today, driven by positive global cues fueled by US Fed’s decision to hold rates and maintain its stance for 3 potential rate cuts this year. Also, the US housing, manufacturing and labor data showed resilience in the economy, boasting sentiments further. As a result, the Nifty 50 benchmark index which was trading in red earlier, recovered and ended the week flat 0.3% gains. Whereas the Nifty Midcap 150 index and Nifty Small cap 250 index gained 1.4% and 1.7% respectively.Most of the sectoral indices closed in green this week. Nifty Realty, Nifty Auto and Nifty Metals were at the top gaining, 5.3%, 4.2% and 4.21% respectively. While Nifty IT and Nifty FMCG lost the most and fell by (-) 6.2% and (-) 0.7% respectively.",positive global sentiment drive marketsthe domestic equity market witnessed gain today driven positive global cue fueled u fed decision hold rate maintain stance 3 potential rate cut year. also u housing manufacturing labor data showed resilience economy boasting sentiment further. result nifty 50 benchmark index trading red earlier recovered ended week flat 0.3% gains. whereas nifty midcap 150 index nifty small cap 250 index gained 1.4% 1.7% respectively.most sectoral index closed green week. nifty realty nifty auto nifty metal top gaining 5.3% 4.2% 4.21% respectively. nifty nifty fmcg lost fell 6.2% 0.7% respectively.
24-03-2024,"Equity markets end the last week of the financial year in greenDomestic equity markets ended the last week of the financial year with decent gains on account of strong domestic flows. Nifty 50 index gained 1.4%. The Nifty Midcap 150 Index and the Nifty Small cap 250 Index outperformed the large cap Index Nifty 50 by gaining 2.1% and 2.0% respectively.Most of the sectoral indices were positive this week. Nifty Realty, Nifty Auto and Nifty Healthcare Index were high performers gaining 4.8%, 3.5% and 3.0% respectively. While Nifty Private Banks, Nifty Media and Nifty IT were at the bottom. Nifty Private Banks was tad positive and showed gains of 0.9%. Whereas Nifty Media and Nifty IT lost (-) 1.7% and (-) 3.1% respectively",equity market end last week financial year greendomestic equity market ended last week financial year decent gain account strong domestic flows. nifty 50 index gained 1.4%. nifty midcap 150 index nifty small cap 250 index outperformed large cap index nifty 50 gaining 2.1% 2.0% respectively.most sectoral index positive week. nifty realty nifty auto nifty healthcare index high performer gaining 4.8% 3.5% 3.0% respectively. nifty private bank nifty medium nifty bottom. nifty private bank tad positive showed gain 0.9%. whereas nifty medium nifty lost 1.7% 3.1% respectively
31-03-2024,"Nifty ends the week flat post RBI’s policyIndian equity markets were subdued this week. The Nifty 50 index was flat post the RBI policy of maintaining status quo on interest rates for the 7th consecutive time. The large cap, Nifty 50 index registered slight gains of 0.8% underperforming Nifty Midcap 150 Index and the Nifty Small cap 250 Index which registered significant gains of 4.0% and 6.4% respectively.Most of the sectoral indices were positive this week. Nifty Media, Nifty Metal and Nifty PSU Bank Index were high performers gaining 6.7%, 5.4% and 4.3% respectively. While Nifty Oil and Gas, Nifty Healthcare and Nifty FMCG were at the bottom. Nifty Private Oil and Gas and Nifty Healthcare were tad positive and showed gains of 0.55% and 0.6% respectively. Whereas Nifty FMCG registered minor loss of (-) 0.04%.",nifty end week flat post rbi policyindian equity market subdued week. nifty 50 index flat post rbi policy maintaining status quo interest rate 7th consecutive time. large cap nifty 50 index registered slight gain 0.8% underperforming nifty midcap 150 index nifty small cap 250 index registered significant gain 4.0% 6.4% respectively.most sectoral index positive week. nifty medium nifty metal nifty psu bank index high performer gaining 6.7% 5.4% 4.3% respectively. nifty oil gas nifty healthcare nifty fmcg bottom. nifty private oil gas nifty healthcare tad positive showed gain 0.55% 0.6% respectively. whereas nifty fmcg registered minor loss 0.04%.
07-04-2024,"Indian equity markets close in red on account of global worriesIndian stock markets end the week in red after a stellar performance on Wednesday. The fade out in markets happened due weak global cues. The hotter than expected inflation numbers dampened the hopes of US rate cuts. This meant that US bond yields would stay higher for longer, impacting foreign inflows. Higher commodity prices and geo-political tensions further hampered sentiments. Nifty 50 was flat with marginal gains of 0.03% underperforming Nifty Midcap 150 Index and the Nifty Small cap 250 Index which also registered slight gains of 0.3% and 0.5% respectively.Sectoral indices were a mixed bag. Nifty Metal, Nifty Realty and Nifty Oil and Gas were high performers gaining 2.9%, 1.6% and 1.3% respectively. While Nifty Oil and Gas, Nifty Healthcare and Nifty FMCG were at the bottom. Nifty Pharma, Nifty PSU Banks and Nifty Media were at the bottom with (-) 1.9%, (-) 1.5% and (-) 1.5% respectively.",indian equity market close red account global worriesindian stock market end week red stellar performance wednesday. fade market happened due weak global cues. hotter expected inflation number dampened hope u rate cuts. meant u bond yield would stay higher longer impacting foreign inflows. higher commodity price geopolitical tension hampered sentiments. nifty 50 flat marginal gain 0.03% underperforming nifty midcap 150 index nifty small cap 250 index also registered slight gain 0.3% 0.5% respectively.sectoral index mixed bag. nifty metal nifty realty nifty oil gas high performer gaining 2.9% 1.6% 1.3% respectively. nifty oil gas nifty healthcare nifty fmcg bottom. nifty pharma nifty psu bank nifty medium bottom 1.9% 1.5% 1.5% respectively.
14-04-2024,"Markets impacted by global woesIndian Stock market fell slightly on the account of Iran-Israel conflict in Gaza, fueling tension in middle east, rising US Dollar rates and US Treasury yield and FIIs selling. Nifty 50 fell with marginal loss of (-) 1.7%. The Nifty Midcap 150 Index registered a fall of (-) 2.28%, while Nifty Small cap 250 Index fell by (-) 1.04%, during the week.All Sectoral indices were negative. Nifty Oil & Gas, Nifty Metal and Nifty Media fell the least with a fall of (-) 0.3%, (-) 0.5% and (-) 1.0% respectively. Nifty Health Care, Nifty Private Bank, Nifty IT fell the most, losing (-) 3.28%, (-) 3.69% and (-) 4.71% respectively.",market impacted global woesindian stock market fell slightly account iranisrael conflict gaza fueling tension middle east rising u dollar rate u treasury yield fiis selling. nifty 50 fell marginal loss 1.7%. nifty midcap 150 index registered fall 2.28% nifty small cap 250 index fell 1.04% week.all sectoral index negative. nifty oil gas nifty metal nifty medium fell least fall 0.3% 0.5% 1.0% respectively. nifty health care nifty private bank nifty fell losing 3.28% 3.69% 4.71% respectively.
21-04-2024,"A Bullish Sentiment on Global & Domestic MarketIndian equities ended higher due to gains led by banking & metal sectors and also due to await of US first quarter gross domestic product data. Nifty 50 rose with the marginal gain of 1.2%. The Nifty Midcap 150 Index registered a rise of 3.71%, while Nifty Small cap 250 Index rose by 4.30%, during the week, outperforming the large cap index.All Sectoral indices were positive. Nifty PSU Bank, Nifty Oil & Gas and Nifty Realty were the highest gainers with a rise of 6.4%, 5.32% and 4.62% respectively. Nifty Financial Services, Nifty IT, Nifty Private Bank were at the bottom, gaining 0.86%, 0.89% and 0.99% respectively.",bullish sentiment global domestic marketindian equity ended higher due gain led banking metal sector also due await u first quarter gross domestic product data. nifty 50 rose marginal gain 1.2%. nifty midcap 150 index registered rise 3.71% nifty small cap 250 index rose 4.30% week outperforming large cap index.all sectoral index positive. nifty psu bank nifty oil gas nifty realty highest gainer rise 6.4% 5.32% 4.62% respectively. nifty financial service nifty nifty private bank bottom gaining 0.86% 0.89% 0.99% respectively.
28-04-2024,"A Flat Week for Domestic Equity MarketsIndian Equities experienced a mixed performance but were largely flat for the week. This week, Nifty Large & Midcap Indexes posted gains, while small-cap stocks ended slightly lower. Nifty 50 rose with the marginal gain of 0.2%. The Nifty Midcap 150 Index registered a rise of 0.67% outperforming the large cap index, while Nifty Small cap 250 Index slightly fell by (0.11)%.Sectoral indices also displayed a mixed performance this week. Nifty PSU Bank & Nifty Financial Services were among the highest gainers with a rise of 2.2% and 2.0% respectively. Nifty Media, Nifty IT and Nifty Realty were at the bottom, registering negative returns of (3.1)%, (2.3)% and (0.6)% respectively.",flat week domestic equity marketsindian equity experienced mixed performance largely flat week. week nifty large midcap index posted gain smallcap stock ended slightly lower. nifty 50 rose marginal gain 0.2%. nifty midcap 150 index registered rise 0.67% outperforming large cap index nifty small cap 250 index slightly fell 0.11%.sectoral index also displayed mixed performance week. nifty psu bank nifty financial service among highest gainer rise 2.2% 2.0% respectively. nifty medium nifty nifty realty bottom registering negative return 3.1% 2.3% 0.6% respectively.
05-05-2024,"Bearish Domestic OutlookIndian Equities ended lower this week after a disappointing revenue outlook of a major domestic multinational conglomerate. Adding to it was the uncertainty around the general state elections. This week, Nifty Large cap, Midcap & Small Cap Indexes ended negative. Nifty Small cap 250 Index majorly fell by (4.36)% while Nifty 50 decline by (1.9)%, Nifty Midcap 150 Index registered a loss of (2.56)%.Sectoral indices displayed a mixed performance this week. Nifty FMCG & Nifty Auto were amongst the highest gainers, rising by 1.9% and 1.4% respectively. On the other hand, Nifty PSU Bank, Nifty Media & Nifty Oil & Gas registered negative returns of (6.03) %, (4.25) % and (3.89)% respectively.",bearish domestic outlookindian equity ended lower week disappointing revenue outlook major domestic multinational conglomerate. adding uncertainty around general state elections. week nifty large cap midcap small cap index ended negative. nifty small cap 250 index majorly fell 4.36% nifty 50 decline 1.9% nifty midcap 150 index registered loss 2.56%.sectoral index displayed mixed performance week. nifty fmcg nifty auto amongst highest gainer rising 1.9% 1.4% respectively. hand nifty psu bank nifty medium nifty oil gas registered negative return 6.03 % 4.25 % 3.89% respectively.
12-05-2024,"Domestic Market Booms as Sectoral Indices Outperform Indian Equities ended positive this week leading the rally after softer than expected US consumer inflation data raised expectations of the US Federal Reserve cutting interest rates. This week, Nifty Large cap, Midcap & Small Cap Indexes ended positive. Nifty Small cap 250 Index & Nifty Midcap 150 Index had outperformed Nifty 50 Index by registering a gain of 4.55% & 4.48% respectively. While Nifty 50 had a gain of 1.9%.Sectoral indices displayed mostly a positive performance this week. Nifty Metal, Nifty Realty & Nifty Consumer Durables were amongst the highest gainers, with gains of 6.5%, 6.6%, & 5.6% respectively. On the other hand, Nifty FMCG has slightly fell by 0.38%, whereas Nifty PSU Bank & Nifty IT had a marginal gain of 0.49% & 1.36% respectively.",domestic market boom sectoral index outperform indian equity ended positive week leading rally softer expected u consumer inflation data raised expectation u federal reserve cutting interest rates. week nifty large cap midcap small cap index ended positive. nifty small cap 250 index nifty midcap 150 index outperformed nifty 50 index registering gain 4.55% 4.48% respectively. nifty 50 gain 1.9%.sectoral index displayed mostly positive performance week. nifty metal nifty realty nifty consumer durables amongst highest gainer gain 6.5% 6.6% 5.6% respectively. hand nifty fmcg slightly fell 0.38% whereas nifty psu bank nifty marginal gain 0.49% 1.36% respectively.
19-05-2024,"Domestic Market are Positive Despite Subdued Global CuesIndian Equities remained positive this week due to gains in banking stocks after the reserve bank of India announced a substantial Rs 1.2 lakh crore dividend for the government. This week, Nifty Large cap, Midcap Indexes ended positive, while Nifty Small Cap Index ended on a flat note. Nifty 50 Index & Nifty Midcap Index with the gain of approx. 2% has outperformed Nifty Small Cap 250 registering a slight gain of 0.5%.Sectoral indices ended positive this week. Nifty Media, Nifty Metal & Nifty PSU Bank were amongst the highest gainers, with gains of 4.7%, 3.9% & 3.5% respectively. On the other hand, Nifty FMCG, Nifty Pharma & Nifty Healthcare Index had a marginal gain of 0.70%, 0.73% & 0.17% respectively.",domestic market positive despite subdued global cuesindian equity remained positive week due gain banking stock reserve bank india announced substantial r 1.2 lakh crore dividend government. week nifty large cap midcap index ended positive nifty small cap index ended flat note. nifty 50 index nifty midcap index gain approx. 2% outperformed nifty small cap 250 registering slight gain 0.5%.sectoral index ended positive week. nifty medium nifty metal nifty psu bank amongst highest gainer gain 4.7% 3.9% 3.5% respectively. hand nifty fmcg nifty pharma nifty healthcare index marginal gain 0.70% 0.73% 0.17% respectively.
26-05-2024,"Bearish Domestic & Global MarketThis week, Indian equities ended in the red, influenced by weak global cues and investor caution ahead of the final phase of polling and upcoming general election results. The Nifty Large Cap, Midcap, and Small Cap indices all closed negatively. The Nifty 50 Index, Nifty Midcap Index & Nifty Small Cap 250 with losses of approximately 2%, 1.2%, 1% respectively.Sectoral indices also reflected this negative sentiment. The Nifty Bank, Nifty PSU Bank, and Nifty Private Bank indices ended flat for the week, indicating relative stability in the banking sector. In contrast, the Nifty FMCG, Nifty IT, and Nifty Oil & Gas indices experienced significant declines, falling by 2.42%, 4.25%, and 3.06% respectively. These drops highlight the broader market pressure and sector-specific challenges impacting Indian equities.",bearish domestic global marketthis week indian equity ended red influenced weak global cue investor caution ahead final phase polling upcoming general election results. nifty large cap midcap small cap index closed negatively. nifty 50 index nifty midcap index nifty small cap 250 loss approximately 2% 1.2% 1% respectively.sectoral index also reflected negative sentiment. nifty bank nifty psu bank nifty private bank index ended flat week indicating relative stability banking sector. contrast nifty fmcg nifty nifty oil gas index experienced significant decline falling 2.42% 4.25% 3.06% respectively. drop highlight broader market pressure sectorspecific challenge impacting indian equities.
02-06-2024,"Equity Market Surge Post Election ResultsThis week, Indian equities ended on a positive note, driven by investor optimism regarding political stability and policy continuity under the new coalition government. The Nifty 50 Index, Nifty Midcap Index, and Nifty Small Cap 250 gaining approximately 3.4%, 2.9%, and 3.0%, respectively.Sectoral indices mirrored this positive sentiment. Almost all stocks in the four-wheeler, two-wheeler, and auto ancillary sectors were in the green, providing much-needed respite to investors after June 4. The Nifty Auto, Nifty FMCG, and Nifty IT sectors saw substantial gains, rising by 6.8%, 7.11%, and 8.60%, respectively. In contrast, the Nifty Metal and Nifty Oil & Gas sectors lagged with returns of 1.13% and 0.62%, respectively, while the Nifty PSU Bank index closed negative with a loss of 1.41%.",equity market surge post election resultsthis week indian equity ended positive note driven investor optimism regarding political stability policy continuity new coalition government. nifty 50 index nifty midcap index nifty small cap 250 gaining approximately 3.4% 2.9% 3.0% respectively.sectoral index mirrored positive sentiment. almost stock fourwheeler twowheeler auto ancillary sector green providing muchneeded respite investor june 4. nifty auto nifty fmcg nifty sector saw substantial gain rising 6.8% 7.11% 8.60% respectively. contrast nifty metal nifty oil gas sector lagged return 1.13% 0.62% respectively nifty psu bank index closed negative loss 1.41%.
09-06-2024,"x.Nifty 50 closes at a record high. Mid and Small caps register gainsThe broad market indices reached fresh highs today despite weak signals from global markets. Nifty 50 index gained 1%. Mid and small caps ran up higher. The Nifty Midcap 150 Index, and Nifty Small Cap 250 gained 4.1% and 4.9% respectively.Sectoral indices showed mixed performance. Nifty Media, Nifty realty and Nifty Consumer Durables were the highest gainers and increased by 5.6%, 4.4% and 4.4% respectively. While Nifty IT and Nifty FMCG were at the bottom with losses of (-) 1.6% and (-) 1.2% respectively.",x.nifty 50 close record high. mid small cap register gainsthe broad market index reached fresh high today despite weak signal global markets. nifty 50 index gained 1%. mid small cap ran higher. nifty midcap 150 index nifty small cap 250 gained 4.1% 4.9% respectively.sectoral index showed mixed performance. nifty medium nifty realty nifty consumer durables highest gainer increased 5.6% 4.4% 4.4% respectively. nifty nifty fmcg bottom loss 1.6% 1.2% respectively.
16-06-2024,"Domestic equity markets end the volatile week on a flat noteThe domestic markets ended the volatile week on a flat note on account of profit booking as well as concerns over the slow progress of monsoon. Nifty 50 and Nifty Midcap 150 Index both closed at marginal gains of 0.2% whereas Nifty Small Cap 250 Index registered comparatively higher gains of 1.2%.Sectoral indices showed mixed performance. Banks did well this week and as a result Nifty Private Banks, Nifty Financial Services and Nifty Banks were top performers gaining 4.2%, 3.3% and 2.6% respectively. Nifty Auto, Nifty FMCG and Nifty Consumer Durables dragged the most with a fall of (-) 2.5%, (-) 2.2% and (-) 1.9% respectively.",domestic equity market end volatile week flat notethe domestic market ended volatile week flat note account profit booking well concern slow progress monsoon. nifty 50 nifty midcap 150 index closed marginal gain 0.2% whereas nifty small cap 250 index registered comparatively higher gain 1.2%.sectoral index showed mixed performance. bank well week result nifty private bank nifty financial service nifty bank top performer gaining 4.2% 3.3% 2.6% respectively. nifty auto nifty fmcg nifty consumer durables dragged fall 2.5% 2.2% 1.9% respectively.
23-06-2024,"Benchmark indices end 2% higher this weekThe Domestic broad market benchmarks started the week strongly, but the winning streak was cut short on account of profit booking. The small rally was led by large cap stocks as Nifty 50 gained 2.2% this week. On the other hand, Mid and Small Caps showed muted performance as they inched tad higher: Nifty Midcap 150 gained 0.5% and Nifty Small Cap 250 gained 0.4%.Sectoral indices showed mixed performance. Nifty Oil and Gas, Nifty IT and Nifty Financial Services were the top performing sectors of the week, gaining 3.1%, 2.7% and 1.9% respectively. While Nifty Realty, Nifty Metals and Nifty Media were laggards post losses of (-) 2.4%, (-)1.8% and (-) 2.3% respectively.",benchmark index end 2% higher weekthe domestic broad market benchmark started week strongly winning streak cut short account profit booking. small rally led large cap stock nifty 50 gained 2.2% week. hand mid small cap showed muted performance inched tad higher nifty midcap 150 gained 0.5% nifty small cap 250 gained 0.4%.sectoral index showed mixed performance. nifty oil gas nifty nifty financial service top performing sector week gaining 3.1% 2.7% 1.9% respectively. nifty realty nifty metal nifty medium laggard post loss 2.4% 1.8% 2.3% respectively.
30-06-2024,"Weekly Market Review: Mixed Performance Across Global Indices Indian Markets: Robust Gains in Mid and Small CapsThe Indian stock market experienced a week of mixed performances, with notable gains in the broader indices. The Nifty 50 index advanced by 1.3%, driven by strong investor sentiment and positive macroeconomic indicators. However, the real highlight was the performance of mid and small-cap stocks. The Nifty Midcap 150 surged by 2.50%, and the Nifty Small Cap 250 outperformed with a remarkable gain of 3.51%. This trend reflects growing investor confidence in the potential of smaller companies to deliver higher returns amid economic recovery.Among the sectoral indices, the top performers were Nifty IT, Nifty Pharma, and Nifty Health Care, with gains of 4.3%, 3.6%, and 3.1% respectively. The robust performance of these sectors can be attributed to several factors:Nifty Pharma and Health Care: The ongoing focus on health care and pharmaceutical advancements, particularly in the wake of the pandemic, has driven sustained interest and investment in these sectors.Conversely, the banking sector underperformed. Nifty Bank and Nifty PSU Bank fell by 0.6% and 0.12%, respectively, primarily due to concerns over rising non-performing assets (NPAs) and tighter regulatory scrutiny. Nifty Consumer Durables also saw a marginal decline of 0.31%, as inflationary pressures and subdued consumer demand impacted the sector.",weekly market review mixed performance across global index indian market robust gain mid small capsthe indian stock market experienced week mixed performance notable gain broader indices. nifty 50 index advanced 1.3% driven strong investor sentiment positive macroeconomic indicators. however real highlight performance mid smallcap stocks. nifty midcap 150 surged 2.50% nifty small cap 250 outperformed remarkable gain 3.51%. trend reflects growing investor confidence potential smaller company deliver higher return amid economic recovery.among sectoral index top performer nifty nifty pharma nifty health care gain 4.3% 3.6% 3.1% respectively. robust performance sector attributed several factorsnifty pharma health care ongoing focus health care pharmaceutical advancement particularly wake pandemic driven sustained interest investment sectors.conversely banking sector underperformed. nifty bank nifty psu bank fell 0.6% 0.12% respectively primarily due concern rising nonperforming asset npa tighter regulatory scrutiny. nifty consumer durables also saw marginal decline 0.31% inflationary pressure subdued consumer demand impacted sector.
07-07-2024,"Weekly Market Review: Mixed Bag as Investors React to Economic Signals Indian Markets: Flat Week Amid Profit BookingIndian equity markets closed the week on a flat note as initial gains, buoyed by positive global cues, were offset by profit booking ahead of key June quarter results. The Nifty 50 index ended the week nearly unchanged at 0.7%, reflecting strong investor sentiment and favorable macroeconomic indicators. However, the performance of mid and small-cap stocks was subdued, with the Nifty Midcap 150 and Nifty Small Cap 250 recording losses of 0.24% and 0.19%, respectively.Among sectoral indices, Nifty FMCG, Nifty IT, and Nifty Oil & Gas emerged as top performers, posting gains of 3.6%, 3.5%, and 2.6% respectively. The robust performance of these sectors can be attributed to several factors including strong earnings reports and favorable market conditions. Conversely, Nifty Metal, Nifty PSU Bank, and Nifty Realty faced challenges, ending the week with losses of 2.63%, 2.09%, and 2.32%, respectively.",weekly market review mixed bag investor react economic signal indian market flat week amid profit bookingindian equity market closed week flat note initial gain buoyed positive global cue offset profit booking ahead key june quarter results. nifty 50 index ended week nearly unchanged 0.7% reflecting strong investor sentiment favorable macroeconomic indicators. however performance mid smallcap stock subdued nifty midcap 150 nifty small cap 250 recording loss 0.24% 0.19% respectively.among sectoral index nifty fmcg nifty nifty oil gas emerged top performer posting gain 3.6% 3.5% 2.6% respectively. robust performance sector attributed several factor including strong earnings report favorable market conditions. conversely nifty metal nifty psu bank nifty realty faced challenge ending week loss 2.63% 2.09% 2.32% respectively.
14-07-2024,"Weekly Market Review: A volatile week ends flat. Indian Markets: Nifty 50 flat, Mid and Small Cap Indices close in redNifty 50 Index reached new highs on Thursday, and corrected today, ending the week on a flat note with marginal gains of 0.1%. The Mid and Small cap indices underperformed this week with the Nifty Midcap 150 Index losing 2.3% and the Nifty Small Cap 250 Index losing 2.9%.Domestic sectoral indices reacted to global developments, budget expectations and good performance from IT sector giants. As a result, the Nifty FMCG, Nifty IT and Nifty PSU were highest gainers with 2.28%, 2.31% and 1.38% returns. Nifty Media, Nifty Metals and Nifty Consumer Durables were laggards, losing 5.4%, 4.7% and 2.5% respectively.",weekly market review volatile week end flat. indian market nifty 50 flat mid small cap index close rednifty 50 index reached new high thursday corrected today ending week flat note marginal gain 0.1%. mid small cap index underperformed week nifty midcap 150 index losing 2.3% nifty small cap 250 index losing 2.9%.domestic sectoral index reacted global development budget expectation good performance sector giants. result nifty fmcg nifty nifty psu highest gainer 2.28% 2.31% 1.38% returns. nifty medium nifty metal nifty consumer durables laggard losing 5.4% 4.7% 2.5% respectively.
21-07-2024,"Weekly Market Review: Nifty near all-time high; mid and small caps rise! Indian Markets: Bounce back after muted post budget reactionAfter having a lack lustre post budget performance, domestic equity markets showed strong recovery today. Nifty 50 Index touched its all-time high, and gained over 1% during the week. Nifty Mid cap 150 and Nifty Small Cap 250 Index outperform the large caps by gaining around 3% each. FIIs were net sellers, however DIIs were net buyers.Sectoral performance was a mixed bag. Nifty Pharma, Nifty Media and Nifty Healthcare topped the performance by gaining 5.8%, 5.7% and 5.7% returns, respectively. Nifty Banks, Nifty Private Banks and Nifty Realty were laggards, losing 1.9%, 1.9% and 1.7% respectively.",weekly market review nifty near alltime high mid small cap rise indian market bounce back muted post budget reactionafter lack lustre post budget performance domestic equity market showed strong recovery today. nifty 50 index touched alltime high gained 1% week. nifty mid cap 150 nifty small cap 250 index outperform large cap gaining around 3% each. fiis net seller however diis net buyers.sectoral performance mixed bag. nifty pharma nifty medium nifty healthcare topped performance gaining 5.8% 5.7% 5.7% return respectively. nifty bank nifty private bank nifty realty laggard losing 1.9% 1.9% 1.7% respectively.
28-07-2024,"An Eventful Week Ends Flat for Global & Domestic MarketIndian equities reached a record high on Thursday, following the US Federal Reserve's decision to keep interest rates unchanged, with hints at a potential rate cut in September. Despite this milestone, the Indian equity market ended the week almost flat. The Nifty 50 index fell by 0.5%, while the Nifty Midcap 150 and Nifty Smallcap 250 indices ended flat with marginal gains of 0.2%.Sectoral PerformanceMost sectoral indices remained flat this week, but some faced significant losses. Notably, the Nifty Auto index fell by 2.04%, the Nifty IT index dropped by 3.04%, and the Nifty Realty index declined by 3.76%. On the positive side, the Nifty Media, Nifty Pharma, and Nifty Healthcare indices gained 1.19%, 1.39%, and 0.98%, respectively.",eventful week end flat global domestic marketindian equity reached record high thursday following u federal reserve decision keep interest rate unchanged hint potential rate cut september. despite milestone indian equity market ended week almost flat. nifty 50 index fell 0.5% nifty midcap 150 nifty smallcap 250 index ended flat marginal gain 0.2%.sectoral performancemost sectoral index remained flat week faced significant losses. notably nifty auto index fell 2.04% nifty index dropped 3.04% nifty realty index declined 3.76%. positive side nifty medium nifty pharma nifty healthcare index gained 1.19% 1.39% 0.98% respectively.
04-08-2024,"Indian Equities Dip Amid Global Weakness; Mixed Performances Across SectorsIndian equities ended the week lower, weighed down by weak global cues and the Reserve Bank of India's decision to maintain interest rates amid ongoing inflationary pressures. The Nifty 50 index declined by 0.5%, while the Nifty Midcap 150 and Nifty Smallcap 250 indices remained relatively stable, posting slight gains of 0.23% and 0.17%, respectively.Sectoral PerformanceMost sectoral indices also closed in negative territory this week. However, Nifty Media, Nifty Pharma, and Nifty Healthcare bucked the trend with gains of 1.19%, 1.39%, and 0.98%, respectively. On the downside, Nifty Auto, Nifty IT, and Nifty Realty were the worst performers, with declines of 2.04%, 3.04%, and 0.98%, respectively.",indian equity dip amid global weakness mixed performance across sectorsindian equity ended week lower weighed weak global cue reserve bank india decision maintain interest rate amid ongoing inflationary pressures. nifty 50 index declined 0.5% nifty midcap 150 nifty smallcap 250 index remained relatively stable posting slight gain 0.23% 0.17% respectively.sectoral performancemost sectoral index also closed negative territory week. however nifty medium nifty pharma nifty healthcare bucked trend gain 1.19% 1.39% 0.98% respectively. downside nifty auto nifty nifty realty worst performer decline 2.04% 3.04% 0.98% respectively.
11-08-2024,"Global Markets Surge, Domestic Markets Witness Ripple EffectsThe domestic equity markets concluded the trading week on a positive note, buoyed by an improved global macroeconomic outlook. The large-cap Nifty 50 index and the mid-cap Nifty Midcap 150 Index both registered modest gains of 0.7%, while the small-cap Nifty Small Cap 250 Index remained relatively flat, advancing by a modest 0.2%.Sectoral PerformanceSectoral performance exhibited a mixed trend. As investor sentiment surrounding the U.S. economy improved, optimism also permeated the information technology sector. Consequently, the Nifty IT index emerged as the top performer, surging by 4.7%. The Nifty Consumer Durables and Nifty Realty indices followed suit, recording gains of 3.6% and 2.6%, respectively. In contrast, the Nifty PSU Banks, Nifty Media, and Nifty Metal indices underperformed, declining by 2.2%, 2.0%, and 0.5%, respectively.",global market surge domestic market witness ripple effectsthe domestic equity market concluded trading week positive note buoyed improved global macroeconomic outlook. largecap nifty 50 index midcap nifty midcap 150 index registered modest gain 0.7% smallcap nifty small cap 250 index remained relatively flat advancing modest 0.2%.sectoral performancesectoral performance exhibited mixed trend. investor sentiment surrounding u.s. economy improved optimism also permeated information technology sector. consequently nifty index emerged top performer surging 4.7%. nifty consumer durables nifty realty index followed suit recording gain 3.6% 2.6% respectively. contrast nifty psu bank nifty medium nifty metal index underperformed declining 2.2% 2.0% 0.5% respectively.
18-08-2024,"Indian Equities Gain Momentum on Global Optimism and Anticipated Fed Rate CutsIndian stock markets closed higher this week, driven by positive global sentiment and expectations of a forthcoming interest rate cut by the U.S. Federal Reserve. The large-cap Nifty 50 index advanced by 1.1% while the Nifty Midcap 150 Index rose by 1.6%, and the Nifty Small Cap 250 Index saw a substantial increase of 3.7%.Sectoral Performance: Mixed Trends Across SectorsSector performance within the Indian markets was varied. Leading the gains were the Nifty Metal, Nifty PSU Bank, and Nifty Consumer Durables indices, which surged by 3.3%, 2.5%, and 3.2% respectively. Conversely, the Nifty IT and Nifty Media indices remained relatively flat, with marginal increases of 0.5% and 0.4%. The Nifty Realty index, however, declined by 2.9%.",indian equity gain momentum global optimism anticipated fed rate cutsindian stock market closed higher week driven positive global sentiment expectation forthcoming interest rate cut u.s. federal reserve. largecap nifty 50 index advanced 1.1% nifty midcap 150 index rose 1.6% nifty small cap 250 index saw substantial increase 3.7%.sectoral performance mixed trend across sectorssector performance within indian market varied. leading gain nifty metal nifty psu bank nifty consumer durables index surged 3.3% 2.5% 3.2% respectively. conversely nifty nifty medium index remained relatively flat marginal increase 0.5% 0.4%. nifty realty index however declined 2.9%.
25-08-2024,"Sector Gains & Earnings Drive Mixed OutcomesThis week saw mixed performances across major global stock markets, with varying outcomes influenced by sector-specific gains, economic data, and corporate earnings. Indian stock markets ended the week on a positive note, driven largely by gains in Financial and IT stocks. The Nifty 50 index recorded a gain of 1.7%, outperforming the mid and small cap indices. The Nifty Midcap 150 and Nifty Smallcap 250 indices also rose by 1.3% and 0.9%, respectively.Sector-wise, the Nifty IT index surged by 4.1%, reflecting strong investor confidence in the tech sector. Other notable gainers included the Nifty Pharma and Nifty Realty indices, which rose by 3.0% and 3.5%, respectively. However, the Nifty FMCG and Nifty PSU Bank indices faced declines of 0.5% and 0.45%, respectively. The Nifty Private Bank index posted a modest gain of 0.7%.",sector gain earnings drive mixed outcomesthis week saw mixed performance across major global stock market varying outcome influenced sectorspecific gain economic data corporate earnings. indian stock market ended week positive note driven largely gain financial stocks. nifty 50 index recorded gain 1.7% outperforming mid small cap indices. nifty midcap 150 nifty smallcap 250 index also rose 1.3% 0.9% respectively.sectorwise nifty index surged 4.1% reflecting strong investor confidence tech sector. notable gainer included nifty pharma nifty realty index rose 3.0% 3.5% respectively. however nifty fmcg nifty psu bank index faced decline 0.5% 0.45% respectively. nifty private bank index posted modest gain 0.7%.
